eval_seed,total_return,cagr,ann_vol,sharpe,sortino,max_dd
0,1.1928064802824294,0.08185192928597806,0.09643336138205737,0.864437646509006,0.936637568648041,0.16301350328860792
1,1.1742750664553885,0.08093233643524478,0.09654418525531838,0.8547488906259948,0.9239171512583814,0.1593643852919413
2,1.1837784854819327,0.08140480613013579,0.09666848429787248,0.858291618458258,0.9286584908776554,0.1620561762417776
3,1.172696099956278,0.08085365696536151,0.09633941647923049,0.8556088672766144,0.921315933102093,0.16083724251349985
4,1.1754715094118469,0.08099192063062399,0.0967231796186276,0.8539165075823414,0.9213840330303263,0.16433483319620398
