eval_seed,total_return,cagr,ann_vol,sharpe,sortino,max_dd
0,0.6471034587737539,0.051272184415769084,0.08242516607078562,0.6483009920084748,0.6317892084394523,0.19268867242250518
1,0.6452089435028243,0.051150962874777495,0.08243156390035593,0.6468536540655482,0.6309443181715971,0.19193807160875595
2,0.6477299797133838,0.051312245078187324,0.08227155511528159,0.6498240999407002,0.6349133364211875,0.19202079773060987
3,0.6633480162563785,0.052306481782162795,0.08256220087326524,0.6592835149565174,0.6428641963228146,0.19348086452539834
4,0.649569575018947,0.051429792330472734,0.08205252749138153,0.6526831248372481,0.6368097177504678,0.19037907907249704
