eval_seed,total_return,cagr,ann_vol,sharpe,sortino,max_dd
0,2.0677159806480243,0.11886656796700179,0.1286435399088726,0.9379237225848663,1.0376690902834638,0.31157843318311007
1,2.0425629314812013,0.11794394602172042,0.12930992804638888,0.9273878782850256,1.0233057234091703,0.31765843440335034
2,2.079834700311624,0.11930865911010136,0.12817998494599622,0.9439345200886441,1.0448840028971393,0.3117326261440848
3,2.064196633605324,0.1187378876700742,0.12903046083254174,0.9345926163278613,1.0336255722062127,0.3150707920624135
4,2.0483045660006276,0.11815515390202003,0.12871999934361078,0.9325072161715964,1.029378850556387,0.3169798864948634
