eval_seed,total_return,cagr,ann_vol,sharpe,sortino,max_dd
0,2.10471966634664,0.12021157751047773,0.11156314609143789,1.0727567600654735,1.3451816912683512,0.1499297893908189
1,2.1475363185963228,0.12174999211147464,0.11176851588892246,1.0832455133710057,1.3686388148369026,0.15283495610189937
2,2.114877971792108,0.1205782877549002,0.1119868620714483,1.0720223537854567,1.3456099054493307,0.15941218965188367
3,2.0476843361713546,0.1181323558010563,0.1114120393097575,1.0573953525841293,1.3230791745404469,0.15399612100074925
4,2.128434310139256,0.12106599281926944,0.11179280219214038,1.0776015738869196,1.355675464852698,0.15383310985430046
